id,email,first_name,last_name,password,photo,registration_date,access_token,sex
1,email2@email.com,Valery,Meladze,$2b$10$0MhucF/HGLGKXoZYDejWz.oh4lMqNpGA9IbxyM6s4hviqxjtDgmnW,1-valery-meladze_25[1].jpg,2023-02-23 14:26:09,eyJhbGciOiJIUzI1NiIsInR5cCI6IkpXVCJ9.eyJpYXQiOjE2NzcxNTE1NjgsImV4cCI6MTY3NzIzNzk2OH0.dqhyk6-uEnZfHI-U2xxnL6hSDY6Kt3aONokZpxWWZ_w,0
2,email3@email.com,Nikolay,Basscow,$2b$10$Tw8qOCKgeLGSgS9j3U.ViOmQFn.w5lvixM0/UfpHl1XL7NDRyOjE2,2-Nikolay-Baskov-01[1].jpg,2023-02-23 19:43:14,eyJhbGciOiJIUzI1NiIsInR5cCI6IkpXVCJ9.eyJpYXQiOjE2NzcxNzA1OTMsImV4cCI6MTY3NzI1Njk5M30.IOo4JzlMPYMJ0ChFp6StmnzOOjsEEJvmTdov8XjriCw,1
3,email4@email.com,namename,,$2b$10$wYl3GUm7GEn90w4Xa6H4Bu/GdwugmGLXfTQJhaL2v3jzxLsb5ovtC,,2023-02-23 19:43:18,eyJhbGciOiJIUzI1NiIsInR5cCI6IkpXVCJ9.eyJpYXQiOjE2NzcxNzA1OTcsImV4cCI6MTY3NzI1Njk5N30.rpzf9XIwr7eFL0-Ta4hG9SoBU7r9alk5npL9V7h6wyQ,
4,email5@email.com,namename,,$2b$10$WO/zeIev78yhDio6nT6ONO6HqzkRfDqqNJSrrMCEWAFvZkfOhnOfS,,2023-02-23 19:43:23,eyJhbGciOiJIUzI1NiIsInR5cCI6IkpXVCJ9.eyJpYXQiOjE2NzcxNzA2MDMsImV4cCI6MTY3NzI1NzAwM30.V4LiJawjE2OLmRSueaufAHeatODlY-jcSGw-ewzpeLI,
5,email6@email.com,namename,,$2b$10$uZCSuvAUTx4n2aDViyRJH.U1eqEtyG7GJ9ZySB0.1CXXNea465Nnq,,2023-02-23 19:43:27,eyJhbGciOiJIUzI1NiIsInR5cCI6IkpXVCJ9.eyJpYXQiOjE2NzcxNzA2MDcsImV4cCI6MTY3NzI1NzAwN30.fhaR15ZYWkAOvk6d5XACq9cxCOZET6ideuyMrT4WhIg,
6,email7@email.com,namename,,$2b$10$eFYmaOAix0n7KzyFdZjFU.gpfJYB.NanMLLctBP0MfMNp2En9IY16,,2023-02-23 19:43:32,eyJhbGciOiJIUzI1NiIsInR5cCI6IkpXVCJ9.eyJpYXQiOjE2NzcxNzA2MTIsImV4cCI6MTY3NzI1NzAxMn0.HKvWGrJfzkD6IirP5fJ7OoDf8P9p62t7E9Lrr5AQW7M,
7,email8@email.com,namename,,$2b$10$SSq/YRmLxmbCVwXheQpkq.vwspFG8Q124Jg0G.eP7ruAoxwWRcRh2,,2023-02-23 19:43:38,eyJhbGciOiJIUzI1NiIsInR5cCI6IkpXVCJ9.eyJpYXQiOjE2NzcxNzA2MTcsImV4cCI6MTY3NzI1NzAxN30.vDge7RJ7Ikkf7xEsCIDpHlzKWDLgrg7rOFCBGG4bqcQ,
8,email9@email.com,namename,,$2b$10$JRf7fCBk5RCxSymJqinzQOy5847JNYl0AhU6iGFfEMKTv6VZ30Mdq,,2023-02-23 19:43:42,eyJhbGciOiJIUzI1NiIsInR5cCI6IkpXVCJ9.eyJpYXQiOjE2NzcxNzA2MjIsImV4cCI6MTY3NzI1NzAyMn0.8kHczlzJjpDsWhrsuFXlRVpJjCVZiVl_Cm2n4qpK_gM,
9,email10@email.com,namename,,$2b$10$nVAbyyyqw8C5ffgKV2/Ps.uxUC14zUSoC02EWrFsz8sf2kFExDJsS,,2023-02-23 19:43:47,eyJhbGciOiJIUzI1NiIsInR5cCI6IkpXVCJ9.eyJpYXQiOjE2NzcxNzA2MjYsImV4cCI6MTY3NzI1NzAyNn0.723Eu7n1bxAmb9uRIoQ-EJ-Z1lcgEDpnjRvgfVFPFDU,
10,email1@email.com,namename,,$2b$10$633TJUTVMOzUHABrYitYgu/hhtfNvh8EMQ7HwlNTif6cLpfAFfUwa,,2023-02-23 19:44:06,eyJhbGciOiJIUzI1NiIsInR5cCI6IkpXVCJ9.eyJpYXQiOjE2NzcxNzA2NDYsImV4cCI6MTY3NzI1NzA0Nn0.tmZSIwX80RxATzvxDPTTohQIkfoTia_XIfn7Vh4hNZk,
11,email11@email.com,namename,,$2b$10$91JXsLwr1u6UxbN1aJY32.LZrwgBdI2jlEsroWgceLIXBj0aB3VbK,,2023-02-23 19:44:16,eyJhbGciOiJIUzI1NiIsInR5cCI6IkpXVCJ9.eyJpYXQiOjE2NzcxNzA2NTYsImV4cCI6MTY3NzI1NzA1Nn0.rL1WQ2T0-C3KqhK784PAOLD8jK9AnDz83ssPjuwHbtk,
12,email12@email.com,namename,,$2b$10$kI.NJ7KA6xxiojOztXdmEe6mlSc0Ksb1MeXu0oGMivhKFFBti0.L6,,2023-02-23 19:44:30,eyJhbGciOiJIUzI1NiIsInR5cCI6IkpXVCJ9.eyJpYXQiOjE2NzcxNzA2NjksImV4cCI6MTY3NzI1NzA2OX0.wLLh60ClWGwYwZW9f5BYgzCsJDSBKITUPd1AqT9X3EU,
13,email13@email.com,namename,,$2b$10$Ap2FkXSVKN4d8.pEfsGT4ujcZgdYOjWmBdOupT.l5EEGo2ZOwOe9O,,2023-02-23 19:44:34,eyJhbGciOiJIUzI1NiIsInR5cCI6IkpXVCJ9.eyJpYXQiOjE2NzcxNzA2NzMsImV4cCI6MTY3NzI1NzA3M30.eaJgkFQCTtVECVTR3ZlbPdjpJ8_Vv-CWBR8RFVdXWpY,
14,email14@email.com,namename,,$2b$10$Uofpq0w4CdDTKWaa/9.OouWZR8IDcWtXlTQuSa.vWOkuQwTiZpleK,,2023-02-23 19:44:44,eyJhbGciOiJIUzI1NiIsInR5cCI6IkpXVCJ9.eyJpYXQiOjE2NzcxNzA2ODMsImV4cCI6MTY3NzI1NzA4M30.XUT8IMwqTdfZrrR7SN3E5UktdBs8-LgaZdd0Mh618rw,
